Bin;Count
0;25
1;23
2;15
3;35
4;21
5;15
6;16
7;26
8;19
9;25
10;19
11;21
12;26
13;24
14;33
15;27
16;11
17;31
18;30
19;15
20;30
21;22
22;26
23;24
24;29
25;20
26;19
27;22
28;23
29;22
30;14
31;17
32;28
33;27
34;25
35;24
36;16
37;18
38;24
39;23
40;15
41;18
42;32
43;24
44;21
45;19
46;21
47;15
48;24
49;19
50;20
51;25
52;12
53;23
54;19
55;26
56;25
57;35
58;25
59;26
60;27
61;21
62;31
63;24
64;30
65;21
66;17
67;27
68;21
69;28
70;20
71;20
72;24
73;30
74;22
75;30
76;28
77;29
78;21
79;28
80;21
81;24
82;23
83;25
84;26
85;25
86;25
87;20
88;26
89;25
90;21
91;19
92;20
93;34
94;24
95;21
96;21
97;18
98;26
99;25
100;21
101;29
102;30
103;33
104;18
105;26
106;32
107;17
108;24
109;21
110;24
111;26
112;25
113;24
114;23
115;17
116;23
117;26
118;27
119;32
120;31
121;17
122;21
123;28
124;25
125;25
126;32
127;21
128;35
129;22
130;15
131;24
132;25
133;26
134;31
135;19
136;28
137;18
138;22
139;18
140;18
141;33
142;31
143;25
144;21
145;23
146;21
147;24
148;23
149;17
150;25
151;15
152;23
153;16
154;25
155;20
156;14
157;33
158;19
159;35
160;20
161;21
162;18
163;14
164;28
165;17
166;26
167;26
168;30
169;23
170;25
171;26
172;19
173;17
174;25
175;21
176;33
177;22
178;31
179;22
180;30
181;22
182;24
183;26
184;22
185;29
186;25
187;18
188;30
189;21
190;31
191;20
192;23
193;25
194;16
195;28
196;18
197;19
198;24
199;24
200;22
201;20
202;30
203;32
204;19
205;18
206;29
207;18
208;23
209;23
210;29
211;19
212;24
213;31
214;26
215;21
216;21
217;24
218;17
219;32
220;24
221;29
222;25
223;32
224;29
225;25
226;18
227;25
228;28
229;17
230;22
231;20
232;22
233;26
234;21
235;17
236;21
237;19
238;31
239;34
240;28
241;20
242;19
243;27
244;17
245;29
246;18
247;29
248;29
249;28
250;24
251;20
252;32
253;32
254;30
255;33
256;18
257;15
258;29
259;17
260;30
261;22
262;28
263;25
264;18
265;26
266;12
267;25
268;30
269;23
270;24
271;26
272;22
273;23
274;25
275;14
276;38
277;16
278;25
279;29
280;28
281;18
282;23
283;23
284;21
285;32
286;24
287;22
288;24
289;27
290;29
291;17
292;20
293;26
294;28
295;21
296;24
297;21
298;26
299;22
300;17
301;26
302;36
303;30
304;26
305;10
306;26
307;19
308;23
309;22
310;20
311;22
312;27
313;19
314;29
315;25
316;25
317;21
318;19
319;26
320;18
321;23
322;26
323;28
324;27
325;31
326;31
327;22
328;19
329;25
330;23
331;37
332;22
333;25
334;21
335;22
336;32
337;23
338;24
339;20
340;23
341;27
342;24
343;27
344;26
345;22
346;19
347;28
348;20
349;27
350;19
351;22
352;30
353;25
354;22
355;21
356;17
357;25
358;18
359;20
360;26
361;22
362;30
363;28
364;20
365;25
366;37
367;20
368;22
369;23
370;27
371;28
372;20
373;33
374;25
375;24
376;30
377;24
378;30
379;26
380;23
381;25
382;22
383;32
384;21
385;20
386;35
387;24
388;27
389;24
390;19
391;29
392;19
393;26
394;22
395;19
396;20
397;31
398;26
399;27
400;28
401;33
402;22
403;23
404;22
405;22
406;32
407;30
408;23
409;15
410;13
411;19
412;26
413;20
414;26
415;22
416;22
417;31
418;29
419;24
420;13
421;21
422;25
423;23
424;12
425;28
426;26
427;23
428;27
429;20
430;25
431;24
432;22
433;30
434;26
435;20
436;30
437;27
438;24
439;29
440;20
441;28
442;26
443;25
444;26
445;18
446;34
447;31
448;23
449;20
450;24
451;22
452;22
453;29
454;21
455;26
456;32
457;27
458;22
459;27
460;18
461;33
462;28
463;26
464;20
465;26
466;31
467;21
468;25
469;25
470;30
471;28
472;19
473;20
474;27
475;9
476;38
477;24
478;27
479;24
480;19
481;25
482;26
483;25
484;24
485;21
486;34
487;27
488;22
489;26
490;21
491;24
492;24
493;23
494;26
495;37
496;32
497;22
498;22
499;22
500;20
501;29
502;19
503;31
504;20
505;15
506;24
507;20
508;32
509;20
510;21
511;19
512;23
513;30
514;20
515;17
516;28
517;16
518;30
519;24
520;31
521;28
522;30
523;22
524;23
525;25
526;31
527;32
528;30
529;30
530;25
531;23
532;19
533;26
534;27
535;26
536;23
537;28
538;22
539;19
540;34
541;36
542;27
543;24
544;19
545;17
546;21
547;24
548;14
549;19
550;34
551;26
552;23
553;32
554;21
555;26
556;26
557;25
558;28
559;19
560;17
561;31
562;24
563;30
564;24
565;32
566;22
567;31
568;24
569;23
570;31
571;20
572;21
573;27
574;21
575;30
576;23
577;20
578;29
579;25
580;31
581;18
582;31
583;20
584;15
585;25
586;27
587;17
588;19
589;32
590;20
591;21
592;28
593;28
594;26
595;22
596;26
597;26
598;24
599;27
600;27
601;27
602;26
603;34
604;22
605;23
606;26
607;26
608;29
609;22
610;13
611;21
612;31
613;19
614;21
615;14
616;20
617;21
618;24
619;29
620;21
621;21
622;15
623;25
624;19
625;29
626;25
627;20
628;18
629;27
630;26
631;26
632;16
633;25
634;22
635;19
636;34
637;18
638;29
639;27
640;30
641;27
642;29
643;19
644;16
645;27
646;21
647;24
648;28
649;23
650;22
651;26
652;24
653;20
654;26
655;22
656;28
657;15
658;20
659;18
660;22
661;21
662;33
663;24
664;29
665;23
666;22
667;17
668;24
669;27
670;25
671;26
672;20
673;24
674;27
675;23
676;30
677;27
678;26
679;26
680;19
681;19
682;18
683;19
684;29
685;20
686;30
687;21
688;22
689;20
690;27
691;14
692;23
693;26
694;21
695;28
696;23
697;18
698;18
699;32
700;29
701;21
702;26
703;23
704;35
705;20
706;24
707;31
708;24
709;15
710;24
711;25
712;34
713;23
714;26
715;27
716;27
717;29
718;22
719;24
720;21
721;15
722;27
723;24
724;30
725;27
726;33
727;25
728;24
729;32
730;25
731;27
732;26
733;23
734;26
735;34
736;17
737;19
738;28
739;33
740;19
741;20
742;26
743;29
744;14
745;27
746;25
747;31
748;20
749;26
750;16
751;25
752;28
753;30
754;21
755;41
756;25
757;20
758;17
759;25
760;21
761;13
762;25
763;23
764;22
765;20
766;22
767;24
768;25
769;33
770;21
771;24
772;32
773;15
774;20
775;25
776;31
777;23
778;34
779;19
780;18
781;22
782;23
783;29
784;24
785;31
786;19
787;26
788;27
789;24
790;24
791;23
792;22
793;23
794;19
795;31
796;23
797;16
798;28
799;17
800;21
801;35
802;19
803;26
804;19
805;16
806;36
807;24
808;21
809;21
810;28
811;25
812;20
813;20
814;34
815;28
816;30
817;23
818;23
819;23
820;18
821;21
822;35
823;24
824;22
825;17
826;24
827;29
828;22
829;28
830;31
831;27
832;20
833;25
834;35
835;30
836;25
837;24
838;17
839;23
840;19
841;29
842;22
843;15
844;19
845;24
846;23
847;20
848;32
849;26
850;32
851;16
852;25
853;16
854;22
855;19
856;31
857;26
858;20
859;22
860;19
861;24
862;28
863;16
864;20
865;19
866;24
867;32
868;24
869;23
870;36
871;24
872;24
873;27
874;25
875;19
876;24
877;22
878;33
879;22
880;22
881;19
882;26
883;26
884;24
885;31
886;24
887;33
888;25
889;21
890;20
891;28
892;38
893;17
894;17
895;27
896;12
897;30
898;26
899;26
900;30
901;26
902;19
903;22
904;36
905;20
906;30
907;22
908;29
909;21
910;24
911;25
912;23
913;22
914;22
915;22
916;18
917;26
918;21
919;23
920;31
921;22
922;23
923;21
924;21
925;19
926;27
927;19
928;26
929;23
930;16
931;23
932;20
933;23
934;29
935;22
936;27
937;28
938;18
939;22
940;35
941;19
942;27
943;26
944;24
945;23
946;20
947;22
948;27
949;15
950;33
951;27
952;22
953;27
954;22
955;22
956;23
957;18
958;36
959;19
960;29
961;27
962;25
963;28
964;41
965;31
966;28
967;23
968;28
969;23
970;25
971;29
972;29
973;18
974;24
975;28
976;19
977;27
978;35
979;27
980;15
981;23
982;22
983;34
984;21
985;21
986;27
987;25
988;17
989;25
990;26
991;25
992;24
993;23
994;23
995;24
996;29
997;23
998;30
999;30
1000;27
1001;24
1002;26
1003;22
1004;23
1005;25
1006;21
1007;22
1008;21
1009;23
1010;23
1011;28
1012;27
1013;29
1014;32
1015;22
1016;26
1017;24
1018;24
1019;23
1020;18
1021;34
1022;16
1023;15
1024;18
1025;24
1026;27
1027;20
1028;23
1029;26
1030;21
1031;29
1032;32
1033;14
1034;18
1035;26
1036;38
1037;14
1038;16
1039;29
1040;22
1041;25
1042;29
1043;16
1044;29
1045;32
1046;30
1047;18
1048;25
1049;22
1050;16
1051;24
1052;27
1053;31
1054;12
1055;22
1056;26
1057;22
1058;32
1059;31
1060;13
1061;29
1062;20
1063;19
1064;23
1065;25
1066;20
1067;26
1068;22
1069;21
1070;31
1071;26
1072;26
1073;23
1074;25
1075;19
1076;23
1077;25
1078;28
1079;29
1080;23
1081;15
1082;24
1083;33
1084;29
1085;24
1086;27
1087;16
1088;30
1089;25
1090;10
1091;27
1092;29
1093;21
1094;21
1095;25
1096;21
1097;23
1098;19
1099;19
1100;24
1101;35
1102;30
1103;27
1104;33
1105;24
1106;34
1107;24
1108;36
1109;25
1110;22
1111;26
1112;24
1113;29
1114;31
1115;22
1116;33
1117;29
1118;32
1119;27
1120;23
1121;18
1122;30
1123;19
1124;16
1125;21
1126;32
1127;20
1128;22
1129;18
1130;30
1131;22
1132;28
1133;24
1134;22
1135;22
1136;29
1137;22
1138;33
1139;31
1140;29
1141;23
1142;28
1143;23
1144;24
1145;27
1146;32
1147;19
1148;24
1149;30
1150;22
1151;22
1152;24
1153;23
1154;24
1155;28
1156;25
1157;17
1158;30
1159;30
1160;34
1161;29
1162;27
1163;24
1164;20
1165;18
1166;19
1167;27
1168;24
1169;20
1170;23
1171;19
1172;13
1173;25
1174;33
1175;19
1176;27
1177;24
1178;25
1179;34
1180;20
1181;18
1182;14
1183;22
1184;23
1185;14
1186;27
1187;21
1188;13
1189;25
1190;21
1191;28
1192;34
1193;28
1194;29
1195;31
1196;24
1197;17
1198;26
1199;25
1200;26
1201;28
1202;29
1203;12
1204;27
1205;24
1206;30
1207;23
1208;26
1209;21
1210;27
1211;26
1212;19
1213;24
1214;28
1215;25
1216;26
1217;18
1218;21
1219;28
1220;22
1221;24
1222;22
1223;21
1224;26
1225;23
1226;14
1227;14
1228;22
1229;27
1230;23
1231;24
1232;23
1233;23
1234;16
1235;26
1236;23
1237;18
1238;26
1239;26
1240;27
1241;21
1242;25
1243;25
1244;33
1245;22
1246;19
1247;36
1248;20
1249;24
1250;27
1251;22
1252;18
1253;22
1254;27
1255;22
1256;30
1257;29
1258;27
1259;35
1260;27
1261;24
1262;24
1263;23
1264;22
1265;18
1266;35
1267;32
1268;27
1269;29
1270;28
1271;25
1272;26
1273;19
1274;22
1275;25
1276;23
1277;31
1278;32
1279;28
1280;26
1281;33
1282;22
1283;24
1284;23
1285;26
1286;23
1287;20
1288;27
1289;18
1290;28
1291;25
1292;19
1293;19
1294;22
1295;38
1296;19
1297;24
1298;26
1299;30
1300;24
1301;25
1302;35
1303;29
1304;36
1305;24
1306;28
1307;27
1308;27
1309;25
1310;20
1311;28
1312;16
1313;29
1314;18
1315;23
1316;30
1317;20
1318;30
1319;32
1320;33
1321;20
1322;35
1323;12
1324;21
1325;26
1326;22
1327;20
1328;29
1329;22
1330;28
1331;22
1332;20
1333;36
1334;24
1335;20
1336;25
1337;32
1338;19
1339;21
1340;28
1341;27
1342;20
1343;28
1344;25
1345;29
1346;27
1347;22
1348;25
1349;22
1350;18
1351;21
1352;28
1353;23
1354;23
1355;26
1356;32
1357;25
1358;25
1359;29
1360;27
1361;21
1362;21
1363;23
1364;26
1365;27
1366;30
1367;29
1368;24
1369;25
1370;32
1371;25
1372;32
1373;23
1374;26
1375;24
1376;24
1377;22
1378;25
1379;24
1380;22
1381;23
1382;21
1383;25
1384;29
1385;30
1386;19
1387;26
1388;29
1389;26
1390;21
1391;23
1392;18
1393;22
1394;25
1395;19
1396;34
1397;24
1398;20
1399;29
1400;22
1401;22
1402;18
1403;25
1404;21
1405;25
1406;18
1407;21
1408;35
1409;23
1410;25
1411;18
1412;33
1413;24
1414;22
1415;34
1416;25
1417;19
1418;26
1419;29
1420;24
1421;20
1422;22
1423;19
1424;31
1425;19
1426;22
1427;22
1428;17
1429;23
1430;26
1431;35
1432;24
1433;34
1434;18
1435;27
1436;24
1437;25
1438;33
1439;24
1440;21
1441;30
1442;27
1443;18
1444;27
1445;24
1446;25
1447;27
1448;19
1449;25
1450;19
1451;25
1452;25
1453;24
1454;28
1455;31
1456;31
1457;13
1458;18
1459;25
1460;26
1461;38
1462;25
1463;19
1464;20
1465;20
1466;28
1467;29
1468;26
1469;31
1470;35
1471;28
1472;28
1473;24
1474;25
1475;28
1476;34
1477;26
1478;28
1479;18
1480;27
1481;30
1482;21
1483;20
1484;23
1485;21
1486;19
1487;19
1488;28
1489;22
1490;27
1491;20
1492;27
1493;25
1494;26
1495;29
1496;21
1497;21
1498;28
1499;26
1500;21
1501;23
1502;27
1503;29
1504;24
1505;18
1506;22
1507;21
1508;26
1509;18
1510;22
1511;32
1512;26
1513;18
1514;32
1515;23
1516;23
1517;26
1518;28
1519;18
1520;22
1521;20
1522;19
1523;22
1524;24
1525;17
1526;26
1527;29
1528;24
1529;29
1530;18
1531;25
1532;24
1533;20
1534;31
1535;26
1536;26
1537;27
1538;24
1539;34
1540;27
1541;18
1542;25
1543;39
1544;26
1545;29
1546;19
1547;28
1548;30
1549;15
1550;19
1551;25
1552;25
1553;25
1554;29
1555;34
1556;21
1557;16
1558;21
1559;22
1560;17
1561;23
1562;25
1563;29
1564;29
1565;25
1566;21
1567;36
1568;29
1569;23
1570;33
1571;26
1572;24
1573;22
1574;24
1575;24
1576;28
1577;14
1578;18
1579;22
1580;26
1581;17
1582;24
1583;28
1584;25
1585;23
1586;21
1587;19
1588;24
1589;14
1590;28
1591;22
1592;27
1593;34
1594;23
1595;27
1596;19
1597;19
1598;24
1599;28
1600;24
1601;31
1602;21
1603;20
1604;28
1605;17
1606;39
1607;21
1608;29
1609;22
1610;21
1611;24
1612;30
1613;26
1614;26
1615;27
1616;23
1617;23
1618;26
1619;20
1620;15
1621;27
1622;14
1623;29
1624;24
1625;28
1626;30
1627;32
1628;25
1629;19
1630;24
1631;29
1632;22
1633;23
1634;28
1635;21
1636;24
1637;37
1638;24
1639;28
1640;32
1641;31
1642;30
1643;29
1644;32
1645;29
1646;21
1647;32
1648;18
1649;27
1650;20
1651;32
1652;28
1653;25
1654;22
1655;24
1656;18
1657;25
1658;20
1659;31
1660;27
1661;23
1662;25
1663;15
1664;22
1665;24
1666;23
1667;25
1668;30
1669;23
1670;32
1671;34
1672;20
1673;17
1674;29
1675;24
1676;33
1677;24
1678;28
1679;17
1680;26
1681;23
1682;25
1683;20
1684;27
1685;21
1686;28
1687;25
1688;27
1689;15
1690;24
1691;23
1692;21
1693;34
1694;27
1695;30
1696;22
1697;25
1698;22
1699;23
1700;10
1701;23
1702;26
1703;25
1704;26
1705;23
1706;33
1707;20
1708;24
1709;28
1710;29
1711;32
1712;20
1713;18
1714;21
1715;13
1716;20
1717;24
1718;24
1719;17
1720;20
1721;22
1722;26
1723;22
1724;22
1725;26
1726;18
1727;31
1728;27
1729;25
1730;37
1731;27
1732;17
1733;31
1734;27
1735;16
1736;20
1737;21
1738;29
1739;31
1740;28
1741;32
1742;25
1743;23
1744;21
1745;27
1746;24
1747;23
1748;27
1749;15
1750;32
1751;26
1752;28
1753;23
1754;17
1755;28
1756;23
1757;24
1758;27
1759;15
1760;25
1761;24
1762;34
1763;31
1764;18
1765;17
1766;23
1767;24
1768;20
1769;34
1770;27
1771;30
1772;24
1773;22
1774;26
1775;21
1776;18
1777;25
1778;26
1779;31
1780;22
1781;22
1782;32
1783;18
1784;23
1785;34
1786;21
1787;23
1788;31
1789;22
1790;18
1791;19
1792;24
1793;23
1794;20
1795;24
1796;19
1797;23
1798;28
1799;26
1800;24
1801;26
1802;24
1803;17
1804;26
1805;22
1806;24
1807;20
1808;29
1809;25
1810;25
1811;25
1812;20
1813;19
1814;30
1815;28
1816;29
1817;23
1818;24
1819;24
1820;25
1821;29
1822;28
1823;25
1824;19
1825;19
1826;17
1827;24
1828;20
1829;19
1830;22
1831;21
1832;21
1833;26
1834;19
1835;24
1836;24
1837;22
1838;25
1839;30
1840;35
1841;20
1842;22
1843;23
1844;26
1845;16
1846;19
1847;27
1848;25
1849;19
1850;27
1851;27
1852;29
1853;16
1854;25
1855;24
1856;32
1857;13
1858;24
1859;19
1860;28
1861;28
1862;26
1863;27
1864;23
1865;26
1866;24
1867;33
1868;28
1869;20
1870;34
1871;28
1872;25
1873;20
1874;26
1875;26
1876;24
1877;24
1878;32
1879;30
1880;22
1881;21
1882;10
1883;23
1884;30
1885;20
1886;31
1887;30
1888;21
1889;22
1890;22
1891;17
1892;22
1893;23
1894;16
1895;29
1896;15
1897;25
1898;18
1899;31
1900;26
1901;27
1902;17
1903;28
1904;26
1905;28
1906;17
1907;25
1908;37
1909;28
1910;28
1911;22
1912;25
1913;17
1914;24
1915;22
1916;24
1917;32
1918;25
1919;28
1920;27
1921;22
1922;23
1923;22
1924;29
1925;29
1926;20
1927;22
1928;23
1929;23
1930;27
1931;23
1932;19
1933;23
1934;25
1935;23
1936;24
1937;31
1938;21
1939;27
1940;26
1941;28
1942;23
1943;28
1944;25
1945;27
1946;28
1947;28
1948;29
1949;21
1950;24
1951;21
1952;26
1953;26
1954;22
1955;27
1956;26
1957;27
1958;18
1959;24
1960;32
1961;32
1962;23
1963;19
1964;19
1965;29
1966;27
1967;22
1968;31
1969;20
1970;20
1971;25
1972;22
1973;27
1974;27
1975;24
1976;20
1977;19
1978;25
1979;33
1980;16
1981;20
1982;15
1983;32
1984;20
1985;35
1986;24
1987;22
1988;22
1989;34
1990;20
1991;21
1992;25
1993;19
1994;23
1995;21
1996;21
1997;17
1998;23
1999;27
2000;29
2001;22
2002;20
2003;24
2004;16
2005;28
2006;31
2007;23
2008;21
2009;23
2010;25
2011;29
2012;21
2013;20
2014;28
2015;26
2016;21
2017;27
2018;21
2019;24
2020;31
2021;24
2022;29
2023;22
2024;16
2025;39
2026;19
2027;27
2028;26
2029;27
2030;22
2031;29
2032;18
2033;23
2034;29
2035;24
2036;25
2037;26
2038;19
2039;22
2040;36
2041;19
2042;26
2043;24
2044;25
2045;24
2046;28
2047;23
2048;22
2049;27
2050;20
2051;26
2052;26
2053;20
2054;17
2055;29
2056;29
2057;32
2058;26
2059;20
2060;14
2061;28
2062;22
2063;23
2064;23
2065;40
2066;18
2067;21
2068;23
2069;23
2070;28
2071;22
2072;24
2073;28
2074;38
2075;25
2076;18
2077;17
2078;35
2079;30
2080;37
2081;25
2082;27
2083;23
2084;24
2085;25
2086;24
2087;30
2088;26
2089;19
2090;18
2091;23
2092;23
2093;36
2094;24
2095;30
2096;19
2097;30
2098;25
2099;27
2100;29
2101;19
2102;30
2103;24
2104;18
2105;20
2106;26
2107;24
2108;23
2109;26
2110;27
2111;23
2112;25
2113;28
2114;25
2115;33
2116;21
2117;22
2118;24
2119;31
2120;26
2121;19
2122;21
2123;28
2124;20
2125;23
2126;30
2127;18
2128;22
2129;26
2130;21
2131;24
2132;18
2133;33
2134;19
2135;34
2136;23
2137;24
2138;28
2139;19
2140;29
2141;29
2142;33
2143;29
2144;18
2145;28
2146;21
2147;15
2148;26
2149;25
2150;19
2151;25
2152;26
2153;21
2154;14
2155;25
2156;25
2157;30
2158;25
2159;16
2160;26
2161;30
2162;20
2163;23
2164;35
2165;29
2166;28
2167;18
2168;21
2169;32
2170;22
2171;34
2172;30
2173;29
2174;27
2175;19
2176;25
2177;15
2178;36
2179;19
2180;24
2181;23
2182;30
2183;18
2184;26
2185;29
2186;18
2187;25
2188;25
2189;26
2190;31
2191;24
2192;18
2193;26
2194;20
2195;29
2196;18
2197;23
2198;22
2199;14
2200;21
2201;25
2202;23
2203;17
2204;36
2205;19
2206;22
2207;20
2208;28
2209;22
2210;18
2211;24
2212;19
2213;27
2214;27
2215;26
2216;26
2217;21
2218;15
2219;22
2220;27
2221;25
2222;23
2223;35
2224;31
2225;27
2226;32
2227;22
2228;22
2229;25
2230;35
2231;28
2232;23
2233;32
2234;22
2235;15
2236;18
2237;18
2238;34
2239;26
2240;34
2241;33
2242;24
2243;23
2244;14
2245;30
2246;33
2247;20
2248;26
2249;30
2250;26
2251;22
2252;28
2253;20
2254;21
2255;22
2256;18
2257;26
2258;36
2259;28
2260;26
2261;30
2262;25
2263;21
2264;27
2265;17
2266;25
2267;24
2268;21
2269;28
2270;16
2271;18
2272;26
2273;28
2274;22
2275;23
2276;27
2277;26
2278;23
2279;26
2280;14
2281;36
2282;34
2283;21
2284;31
2285;31
2286;16
2287;34
2288;22
2289;28
2290;10
2291;17
2292;20
2293;24
2294;25
2295;16
2296;25
2297;16
2298;23
2299;20
2300;25
2301;23
2302;23
2303;22
2304;28
2305;32
2306;31
2307;25
2308;35
2309;21
2310;30
2311;27
2312;21
2313;21
2314;28
2315;31
2316;34
2317;18
2318;26
2319;24
2320;27
2321;16
2322;25
2323;25
2324;21
2325;22
2326;29
2327;22
2328;19
2329;26
2330;28
2331;28
2332;26
2333;20
2334;31
2335;20
2336;28
2337;27
2338;27
2339;23
2340;29
2341;23
2342;21
2343;19
2344;25
2345;27
2346;26
2347;19
2348;23
2349;26
2350;30
2351;25
2352;24
2353;26
2354;23
2355;22
2356;18
2357;32
2358;20
2359;23
2360;25
2361;26
2362;25
2363;28
2364;26
2365;17
2366;29
2367;25
2368;22
2369;24
2370;19
2371;34
2372;29
2373;29
2374;30
2375;28
2376;20
2377;23
2378;24
2379;17
2380;21
2381;20
2382;28
2383;26
2384;23
2385;28
2386;18
2387;28
2388;17
2389;12
2390;25
2391;29
2392;21
2393;27
2394;27
2395;18
2396;34
2397;24
2398;21
2399;23
2400;27
2401;31
2402;21
2403;20
2404;16
2405;31
2406;28
2407;28
2408;24
2409;32
2410;26
2411;27
2412;18
2413;29
2414;32
2415;21
2416;19
2417;31
2418;25
2419;25
2420;17
2421;35
2422;18
2423;16
2424;26
2425;25
2426;16
2427;25
2428;28
2429;34
2430;22
2431;28
2432;28
2433;26
2434;14
2435;28
2436;29
2437;21
2438;28
2439;31
2440;24
2441;24
2442;26
2443;25
2444;18
2445;21
2446;17
2447;36
2448;27
2449;23
2450;31
2451;20
2452;19
2453;24
2454;29
2455;17
2456;16
2457;20
2458;34
2459;19
2460;30
2461;28
2462;26
2463;25
2464;26
2465;25
2466;21
2467;27
2468;25
2469;23
2470;29
2471;16
2472;30
2473;21
2474;24
2475;23
2476;33
2477;33
2478;19
2479;29
2480;20
2481;24
2482;22
2483;29
2484;29
2485;21
2486;24
2487;22
2488;18
2489;20
2490;23
2491;29
2492;22
2493;18
2494;33
2495;27
2496;36
2497;22
2498;29
2499;29
2500;19
2501;21
2502;29
2503;25
2504;22
2505;36
2506;32
2507;17
2508;26
2509;23
2510;25
2511;17
2512;31
2513;27
2514;24
2515;21
2516;20
2517;19
2518;31
2519;21
2520;15
2521;28
2522;25
2523;20
2524;27
2525;28
2526;31
2527;29
2528;31
2529;26
2530;24
2531;29
2532;24
2533;26
2534;25
2535;26
2536;28
2537;21
2538;23
2539;20
2540;24
2541;24
2542;16
2543;29
2544;24
2545;19
2546;28
2547;28
2548;28
2549;26
2550;26
2551;20
2552;20
2553;30
2554;28
2555;20
2556;27
2557;18
2558;24
2559;21
2560;19
2561;28
2562;38
2563;28
2564;17
2565;26
2566;26
2567;31
2568;29
2569;26
2570;27
2571;27
2572;34
2573;27
2574;38
2575;33
2576;26
2577;25
2578;20
2579;25
2580;22
2581;27
2582;26
2583;31
2584;28
2585;23
2586;17
2587;21
2588;17
2589;19
2590;32
2591;26
2592;30
2593;27
2594;24
2595;33
2596;29
2597;23
2598;34
2599;27
2600;28
2601;22
2602;27
2603;32
2604;20
2605;23
2606;29
2607;26
2608;21
2609;21
2610;16
2611;18
2612;30
2613;25
2614;23
2615;27
2616;26
2617;23
2618;22
2619;12
2620;23
2621;27
2622;20
2623;22
2624;22
2625;17
2626;23
2627;22
2628;18
2629;20
2630;28
2631;20
2632;23
2633;25
2634;19
2635;24
2636;19
2637;21
2638;30
2639;18
2640;25
2641;24
2642;24
2643;25
2644;30
2645;22
2646;18
2647;28
2648;11
2649;28
2650;21
2651;28
2652;16
2653;24
2654;28
2655;32
2656;31
2657;21
2658;20
2659;30
2660;25
2661;21
2662;27
2663;25
2664;11
2665;25
2666;27
2667;16
2668;27
2669;23
2670;21
2671;29
2672;28
2673;20
2674;22
2675;30
2676;19
2677;31
2678;23
2679;24
2680;20
2681;23
2682;22
2683;23
2684;19
2685;15
2686;19
2687;26
2688;24
2689;23
2690;24
2691;20
2692;23
2693;25
2694;18
2695;34
2696;19
2697;28
2698;19
2699;21
2700;25
2701;19
2702;19
2703;22
2704;33
2705;22
2706;24
2707;24
2708;18
2709;24
2710;18
2711;22
2712;30
2713;21
2714;33
2715;30
2716;22
2717;23
2718;22
2719;20
2720;28
2721;29
2722;14
2723;24
2724;28
2725;24
2726;36
2727;25
2728;20
2729;22
2730;28
2731;32
2732;25
2733;20
2734;21
2735;12
2736;25
2737;27
2738;26
2739;24
2740;25
2741;29
2742;23
2743;24
2744;22
2745;22
2746;27
2747;19
2748;25
2749;24
2750;21
2751;31
2752;29
2753;26
2754;24
2755;25
2756;21
2757;27
2758;28
2759;26
2760;25
2761;29
2762;25
2763;13
2764;23
2765;20
2766;27
2767;23
2768;22
2769;24
2770;26
2771;23
2772;24
2773;16
2774;20
2775;27
2776;18
2777;27
2778;30
2779;18
2780;21
2781;22
2782;19
2783;18
2784;20
2785;25
2786;25
2787;31
2788;29
2789;25
2790;24
2791;24
2792;22
2793;32
2794;24
2795;27
2796;23
2797;25
2798;20
2799;20
2800;29
2801;17
2802;30
2803;26
2804;22
2805;23
2806;17
2807;19
2808;20
2809;30
2810;28
2811;21
2812;32
2813;14
2814;29
2815;24
2816;23
2817;20
2818;28
2819;36
2820;19
2821;30
2822;28
2823;24
2824;23
2825;27
2826;25
2827;25
2828;22
2829;22
2830;21
2831;15
2832;24
2833;26
2834;25
2835;26
2836;21
2837;16
2838;29
2839;21
2840;24
2841;25
2842;22
2843;22
2844;45
2845;21
2846;30
2847;21
2848;25
2849;19
2850;19
2851;18
2852;38
2853;31
2854;24
2855;32
2856;27
2857;35
2858;21
2859;27
2860;22
2861;14
2862;26
2863;27
2864;27
2865;29
2866;20
2867;30
2868;14
2869;28
2870;20
2871;18
2872;25
2873;22
2874;22
2875;27
2876;24
2877;24
2878;29
2879;20
2880;38
2881;24
2882;21
2883;26
2884;28
2885;25
2886;29
2887;24
2888;26
2889;19
2890;23
2891;27
2892;29
2893;22
2894;22
2895;23
2896;25
2897;23
2898;21
2899;27
2900;23
2901;29
2902;29
2903;37
2904;28
2905;26
2906;23
2907;27
2908;22
2909;23
2910;17
2911;16
2912;24
2913;25
2914;24
2915;17
2916;35
2917;29
2918;20
2919;28
2920;25
2921;23
2922;30
2923;25
2924;19
2925;33
2926;18
2927;26
2928;23
2929;29
2930;24
2931;25
2932;21
2933;26
2934;26
2935;30
2936;25
2937;31
2938;18
2939;23
2940;20
2941;20
2942;13
2943;23
2944;26
2945;19
2946;26
2947;24
2948;20
2949;19
2950;21
2951;21
2952;25
2953;23
2954;27
2955;18
2956;32
2957;20
2958;20
2959;18
2960;19
2961;23
2962;20
2963;21
2964;27
2965;24
2966;18
2967;22
2968;33
2969;22
2970;20
2971;32
2972;41
2973;19
2974;27
2975;25
2976;25
2977;16
2978;27
2979;23
2980;21
2981;22
2982;21
2983;26
2984;25
2985;28
2986;23
2987;16
2988;21
2989;25
2990;24
2991;30
2992;29
2993;23
2994;28
2995;27
2996;24
2997;17
2998;25
2999;19
3000;22
3001;21
3002;26
3003;22
3004;26
3005;34
3006;27
3007;26
3008;15
3009;27
3010;21
3011;23
3012;26
3013;21
3014;23
3015;29
3016;19
3017;33
3018;19
3019;20
3020;33
3021;20
3022;23
3023;21
3024;27
3025;24
3026;26
3027;32
3028;25
3029;21
3030;32
3031;18
3032;20
3033;28
3034;21
3035;24
3036;23
3037;16
3038;23
3039;26
3040;21
3041;20
3042;24
3043;28
3044;29
3045;28
3046;19
3047;29
3048;24
3049;22
3050;22
3051;34
3052;29
3053;25
3054;23
3055;34
3056;26
3057;26
3058;22
3059;22
3060;26
3061;22
3062;23
3063;27
3064;29
3065;24
3066;30
3067;35
3068;26
3069;22
3070;22
3071;28
3072;19
3073;26
3074;21
3075;20
3076;25
3077;30
3078;25
3079;20
3080;19
3081;19
3082;25
3083;21
3084;29
3085;27
3086;33
3087;21
3088;27
3089;30
3090;24
3091;24
3092;26
3093;15
3094;21
3095;25
3096;19
3097;27
3098;22
3099;17
3100;25
3101;20
3102;27
3103;25
3104;26
3105;24
3106;22
3107;39
3108;29
3109;31
3110;21
3111;33
3112;24
3113;29
3114;26
3115;27
3116;25
3117;19
3118;17
3119;16
3120;19
3121;25
3122;22
3123;29
3124;22
3125;22
3126;25
3127;22
3128;12
3129;24
3130;20
3131;25
3132;34
3133;28
3134;29
3135;22
3136;27
3137;18
3138;28
3139;29
3140;27
3141;26
3142;19
3143;26
3144;33
3145;25
3146;20
3147;33
3148;27
3149;32
3150;25
3151;28
3152;21
3153;22
3154;23
3155;24
3156;27
3157;18
3158;19
3159;28
3160;20
3161;23
3162;29
3163;22
3164;26
3165;28
3166;21
3167;24
3168;30
3169;20
3170;23
3171;21
3172;24
3173;23
3174;30
3175;24
3176;23
3177;26
3178;26
3179;21
3180;23
3181;25
3182;21
3183;28
3184;26
3185;18
3186;23
3187;26
3188;33
3189;25
3190;24
3191;20
3192;38
3193;24
3194;26
3195;33
3196;35
3197;29
3198;16
3199;21
3200;20
3201;34
3202;32
3203;30
3204;22
3205;15
3206;18
3207;34
3208;29
3209;29
3210;27
3211;26
3212;22
3213;20
3214;22
3215;19
3216;22
3217;21
3218;31
3219;23
3220;20
3221;35
3222;23
3223;25
3224;25
3225;30
3226;28
3227;29
3228;25
3229;24
3230;23
3231;23
3232;22
3233;25
3234;27
3235;27
3236;21
3237;40
3238;20
3239;27
3240;20
3241;20
3242;34
3243;30
3244;24
3245;23
3246;19
3247;28
3248;25
3249;31
3250;16
3251;26
3252;24
3253;23
3254;32
3255;20
3256;26
3257;26
3258;22
3259;36
3260;22
3261;31
3262;33
3263;18
3264;23
3265;32
3266;18
3267;21
3268;16
3269;31
3270;17
3271;21
3272;16
3273;24
3274;40
3275;26
3276;20
3277;18
3278;25
3279;28
3280;28
3281;29
3282;24
3283;28
3284;24
3285;19
3286;26
3287;27
3288;14
3289;31
3290;26
3291;22
3292;24
3293;20
3294;18
3295;28
3296;28
3297;22
3298;28
3299;31
3300;23
3301;33
3302;29
3303;20
3304;16
3305;21
3306;23
3307;18
3308;21
3309;25
3310;23
3311;19
3312;19
3313;26
3314;23
3315;24
3316;28
3317;21
3318;26
3319;24
3320;24
3321;22
3322;35
3323;27
3324;26
3325;21
3326;34
3327;30
3328;25
3329;27
3330;18
3331;23
3332;24
3333;26
3334;22
3335;29
3336;20
3337;15
3338;34
3339;25
3340;19
3341;25
3342;29
3343;29
3344;23
3345;40
3346;21
3347;21
3348;26
3349;21
3350;27
3351;23
3352;30
3353;16
3354;22
3355;28
3356;21
3357;25
3358;32
3359;21
3360;21
3361;28
3362;20
3363;24
3364;29
3365;28
3366;31
3367;31
3368;27
3369;21
3370;26
3371;24
3372;24
3373;23
3374;20
3375;24
3376;30
3377;20
3378;20
3379;20
3380;18
3381;28
3382;18
3383;23
3384;24
3385;32
3386;21
3387;28
3388;16
3389;26
3390;19
3391;22
3392;30
3393;26
3394;21
3395;31
3396;28
3397;35
3398;22
3399;27
3400;27
3401;25
3402;24
3403;23
3404;26
3405;19
3406;26
3407;25
3408;33
3409;27
3410;19
3411;18
3412;14
3413;22
3414;17
3415;27
3416;25
3417;28
3418;22
3419;16
3420;23
3421;30
3422;19
3423;28
3424;18
3425;23
3426;19
3427;32
3428;20
3429;28
3430;31
3431;31
3432;18
3433;24
3434;17
3435;26
3436;34
3437;26
3438;26
3439;24
3440;30
3441;27
3442;23
3443;22
3444;30
3445;22
3446;27
3447;18
3448;22
3449;21
3450;18
3451;24
3452;19
3453;29
3454;39
3455;30
3456;31
3457;19
3458;25
3459;13
3460;15
3461;17
3462;28
3463;22
3464;22
3465;19
3466;18
3467;33
3468;27
3469;32
3470;20
3471;21
3472;20
3473;26
3474;26
3475;27
3476;20
3477;22
3478;20
3479;31
3480;21
3481;27
3482;30
3483;18
3484;25
3485;21
3486;36
3487;24
3488;22
3489;27
3490;20
3491;23
3492;38
3493;15
3494;35
3495;32
3496;28
3497;26
3498;28
3499;27
3500;20
3501;25
3502;32
3503;17
3504;41
3505;26
3506;20
3507;24
3508;16
3509;21
3510;24
3511;26
3512;19
3513;30
3514;27
3515;32
3516;27
3517;24
3518;25
3519;30
3520;17
3521;29
3522;17
3523;20
3524;29
3525;22
3526;27
3527;23
3528;26
3529;21
3530;20
3531;22
3532;34
3533;24
3534;28
3535;28
3536;30
3537;26
3538;28
3539;27
3540;24
3541;29
3542;16
3543;29
3544;24
3545;23
3546;24
3547;22
3548;27
3549;25
3550;26
3551;21
3552;25
3553;16
3554;34
3555;26
3556;24
3557;20
3558;37
3559;21
3560;18
3561;29
3562;18
3563;18
3564;29
3565;22
3566;16
3567;29
3568;25
3569;21
3570;24
3571;19
3572;21
3573;35
3574;26
3575;20
3576;22
3577;15
3578;27
3579;23
3580;22
3581;26
3582;23
3583;30
3584;23
3585;20
3586;32
3587;18
3588;22
3589;33
3590;22
3591;28
3592;27
3593;31
3594;31
3595;29
3596;23
3597;31
3598;27
3599;20
3600;26
3601;30
3602;25
3603;33
3604;29
3605;29
3606;27
3607;21
3608;26
3609;25
3610;25
3611;28
3612;28
3613;22
3614;15
3615;35
3616;27
3617;25
3618;23
3619;16
3620;27
3621;26
3622;19
3623;23
3624;30
3625;23
3626;20
3627;24
3628;23
3629;16
3630;22
3631;33
3632;28
3633;26
3634;22
3635;22
3636;27
3637;34
3638;19
3639;23
3640;31
3641;19
3642;26
3643;31
3644;19
3645;21
3646;28
3647;25
3648;23
3649;17
3650;30
3651;20
3652;22
3653;26
3654;25
3655;27
3656;18
3657;24
3658;29
3659;31
3660;21
3661;19
3662;25
3663;22
3664;26
3665;19
3666;26
3667;19
3668;21
3669;35
3670;12
3671;25
3672;23
3673;22
3674;34
3675;24
3676;28
3677;26
3678;25
3679;24
3680;25
3681;20
3682;23
3683;29
3684;34
3685;22
3686;26
3687;21
3688;24
3689;26
3690;33
3691;26
3692;28
3693;31
3694;23
3695;18
3696;28
3697;29
3698;20
3699;19
3700;15
3701;34
3702;24
3703;21
3704;25
3705;24
3706;15
3707;36
3708;24
3709;30
3710;20
3711;31
3712;17
3713;18
3714;26
3715;21
3716;24
3717;22
3718;24
3719;20
3720;22
3721;23
3722;24
3723;27
3724;25
3725;24
3726;25
3727;26
3728;23
3729;18
3730;27
3731;17
3732;22
3733;25
3734;34
3735;26
3736;25
3737;28
3738;21
3739;25
3740;27
3741;38
3742;32
3743;25
3744;17
3745;28
3746;23
3747;21
3748;21
3749;33
3750;28
3751;28
3752;21
3753;34
3754;34
3755;26
3756;30
3757;17
3758;26
3759;30
3760;17
3761;17
3762;18
3763;23
3764;27
3765;23
3766;28
3767;29
3768;33
3769;16
3770;27
3771;19
3772;27
3773;23
3774;26
3775;26
3776;26
3777;27
3778;25
3779;17
3780;24
3781;24
3782;25
3783;28
3784;25
3785;29
3786;23
3787;21
3788;19
3789;32
3790;23
3791;33
3792;28
3793;26
3794;27
3795;25
3796;29
3797;20
3798;14
3799;23
3800;25
3801;20
3802;21
3803;26
3804;27
3805;23
3806;23
3807;21
3808;32
3809;25
3810;21
3811;17
3812;29
3813;25
3814;31
3815;26
3816;20
3817;34
3818;31
3819;17
3820;19
3821;24
3822;19
3823;23
3824;32
3825;22
3826;27
3827;22
3828;26
3829;24
3830;31
3831;28
3832;14
3833;23
3834;26
3835;29
3836;29
3837;27
3838;25
3839;29
3840;20
3841;26
3842;26
3843;25
3844;20
3845;23
3846;24
3847;28
3848;25
3849;24
3850;26
3851;20
3852;30
3853;23
3854;25
3855;26
3856;14
3857;26
3858;24
3859;21
3860;23
3861;26
3862;26
3863;21
3864;20
3865;16
3866;22
3867;32
3868;24
3869;28
3870;21
3871;27
3872;29
3873;24
3874;23
3875;30
3876;27
3877;24
3878;23
3879;23
3880;18
3881;32
3882;29
3883;27
3884;22
3885;24
3886;26
3887;25
3888;32
3889;23
3890;15
3891;24
3892;38
3893;23
3894;24
3895;23
3896;35
3897;29
3898;22
3899;20
3900;25
3901;20
3902;17
3903;21
3904;27
3905;27
3906;32
3907;25
3908;22
3909;25
3910;32
3911;27
3912;21
3913;19
3914;15
3915;17
3916;20
3917;29
3918;23
3919;17
3920;17
3921;23
3922;29
3923;39
3924;27
3925;22
3926;26
3927;21
3928;22
3929;26
3930;27
3931;19
3932;21
3933;23
3934;30
3935;32
3936;35
3937;33
3938;15
3939;15
3940;27
3941;29
3942;29
3943;20
3944;23
3945;25
3946;34
3947;27
3948;31
3949;13
3950;19
3951;20
3952;15
3953;28
3954;33
3955;26
3956;24
3957;16
3958;21
3959;32
3960;32
3961;17
3962;20
3963;28
3964;27
3965;18
3966;29
3967;24
3968;20
3969;19
3970;30
3971;17
3972;24
3973;26
3974;25
3975;18
3976;21
3977;24
3978;22
3979;24
3980;24
3981;22
3982;21
3983;26
3984;23
3985;23
3986;23
3987;21
3988;20
3989;25
3990;26
3991;27
3992;28
3993;32
3994;25
3995;28
3996;30
3997;17
3998;37
3999;26
4000;22
4001;22
4002;27
4003;25
4004;23
4005;28
4006;27
4007;32
4008;24
4009;27
4010;28
4011;23
4012;22
4013;33
4014;34
4015;24
4016;15
4017;25
4018;16
4019;31
4020;18
4021;15
4022;17
4023;21
4024;26
4025;17
4026;21
4027;24
4028;17
4029;36
4030;18
4031;27
4032;28
4033;31
4034;12
4035;23
4036;25
4037;21
4038;29
4039;26
4040;38
4041;24
4042;28
4043;29
4044;21
4045;34
4046;21
4047;17
4048;21
4049;18
4050;20
4051;16
4052;23
4053;25
4054;24
4055;19
4056;23
4057;21
4058;26
4059;30
4060;33
4061;35
4062;31
4063;19
4064;24
4065;32
4066;35
4067;8
4068;21
4069;26
4070;27
4071;29
4072;28
4073;21
4074;25
4075;24
4076;23
4077;21
4078;31
4079;19
4080;23
4081;23
4082;14
4083;28
4084;28
4085;19
4086;21
4087;24
4088;18
4089;28
4090;27
4091;21
4092;21
4093;23
4094;22
4095;23
